Symbol,Name,Last Sale,Net Change,% Change,Market Cap,Country,IPO Year,Volume,Sector,Industry
AAMC,Altisource Asset Management Corp Com,$4.58,0.08,1.778%,12659734.00,United States,,15217,Finance,Real Estate
AAU,Almaden Minerals Ltd. Common Shares,$0.1351,0.0001,0.074%,18538612.00,Canada,2015,315353,,
ACU,Acme United Corporation. Common Stock,$49.84,0.75,1.528%,178679889.00,United States,1988,19275,Consumer Discretionary,Industrial Machinery/Components
ADRT,Ault Disruptive Technologies Corporation Common Stock,$11.32,-0.24,-2.076%,162725000.00,,2022,29813,Finance,Blank Checks
AE,Adams Resources & Energy Inc. Common Stock,$24.15,-0.10,-0.412%,61496550.00,United States,1980,11073,Energy,Oil Refining/Marketing
AEF,abrdn Emerging Markets Equity Income Fund Inc. Common Stock,$4.98,0.01,0.201%,534665250.00,United States,,27226,Finance,Finance/Investors Services
AEON,AEON Biopharma Inc. Class A Common Stock,$9.00,0.00,0.00%,334436400.00,United States,,11295,Health Care,Biotechnology: Pharmaceutical Preparations
AGE,AgeX Therapeutics Inc. Common Stock,$0.387,0.0258,7.143%,14687138.00,,2018,17855,Health Care,Biotechnology: Pharmaceutical Preparations
AIM,AIM ImmunoTech Inc. Common Stock,$0.3981,0.0181,4.763%,19444138.00,United States,1997,234721,Health Care,Biotechnology: Biological Products (No Diagnostic Substances)
AINC,Ashford Inc. (Holding Company) Common Stock,$2.55,0.22,9.442%,8195636.00,United States,2014,1231,Consumer Discretionary,Professional Services
AIRI,Air Industries Group Common Stock,$4.47,0.22,5.176%,14764611.00,United States,,6142,Industrials,Military/Government/Technical
AMBI,Ambipar Emergency Response Class A Ordinary Shares,$6.00,0.00,0.00%,332579100.00,,,602,Industrials,Environmental Services
AMBO,Ambow Education Holding Ltd. American Depository Shares each representing two Class A ordinary shares,$0.13,-0.0049,-3.632%,3388289.00,China,,76830,Real Estate,Other Consumer Services
AMPE,Ampio Pharmaceuticals Inc.,$1.78,0.02,1.136%,1480997.00,United States,2022,173956,Health Care,Biotechnology: Pharmaceutical Preparations
AMS,American Shared Hospital Services Common Stock,$2.70,0.0024,0.089%,17010000.00,United States,1988,4647,Health Care,Medical Specialities
APT,Alpha Pro Tech Ltd. Common Stock,$5.07,0.07,1.40%,59050777.00,Canada,2000,28514,,
AREN,The Arena Group Holdings Inc. Common Stock,$1.19,0.00,0.00%,28363520.00,United States,2022,12819,Health Care,Medical/Dental Instruments
ARMN,Aris Mining Corporation Common Shares,$2.97,-0.10,-3.257%,409363832.00,,2023,56907,,
ARMP,Armata Pharmaceuticals Inc. Common Stock,$3.83,-0.13,-3.283%,138441378.00,United States,,10187,Health Care,Biotechnology: Biological Products (No Diagnostic Substances)
ASM,Avino Silver & Gold Mines Ltd. Common Shares (Canada),$0.4609,0.0045,0.986%,57984054.00,Canada,,435792,Basic Materials,Metal Mining
ASXC,Asensus Surgical Inc. Common Stock,$0.2951,0.0087,3.038%,77999873.00,United States,,994012,Health Care,Medical/Dental Instruments
ATEK,Athena Technology Acquisition Corp. II Class A Common Stock,$11.11,0.00,0.00%,0.00,,2022,66,Finance,Blank Checks
ATNM,Actinium Pharmaceuticals Inc. (Delaware) Common Stock,$5.46,0.31,6.019%,149677388.00,United States,,181924,Health Care,Biotechnology: Pharmaceutical Preparations
AULT,Ault Alliance Inc. Common Stock,$0.399,-0.001,-0.25%,1126137.00,United States,1997,1921802,Technology,Industrial Machinery/Components
AULT^D,Ault Alliance Inc. 13.00% Series D Cumulative Redeemable Perpetual Preferred Stock,$22.50,0.00,0.00%,,United States,,313,,
AUMN,Golden Minerals Company Common Stock,$0.4701,0.0088,1.908%,6621208.00,United States,,80707,Basic Materials,Precious Metals
AUST,Austin Gold Corp. Common Shares,$0.8399,0.0196,2.389%,11145473.00,,2022,126591,Basic Materials,Precious Metals
AWX,Avalon Holdings Corporation Common Stock,$2.25,0.0661,3.027%,8773720.00,United States,1998,4604,Utilities,Environmental Services
AZTR,Azitra Inc Common Stock,$1.14,0.11,10.68%,13791313.00,,2023,92701,Health Care,Biotechnology: Pharmaceutical Preparations
BACA,Berenson Acquisition Corp. I Class A Common Stock,$10.27,0.00,0.00%,0.00,,2021,23,Finance,Blank Checks
BATL,Battalion Oil Corporation Common Stock,$6.53,0.17,2.673%,107461356.00,United States,,45510,Energy,Oil & Gas Production
BCV,Bancroft Fund Ltd.,$15.48,0.145,0.946%,0.00,United States,1972,15076,Finance,Finance/Investors Services
BCV^A,Bancroft Fund Limited 5.375% Series A Cumulative Preferred Shares,$23.58,0.01,0.042%,,United States,,230,,
BDL,Flanigan's Enterprises Inc. Common Stock,$25.40,-0.1098,-0.43%,47209634.00,United States,1972,585,Consumer Discretionary,Restaurants
BEEP,Mobile Infrastructure Corporation Common Stock,$3.82,-0.13,-3.291%,0.00,,2023,78821,Finance,Blank Checks
BGI,Birks Group Inc. Common Stock,$3.81,-0.07,-1.804%,41795700.00,Canada,,5574,Consumer Discretionary,Consumer Specialties
BHB,Bar Harbor Bankshares Inc. Common Stock,$25.57,0.58,2.321%,387538178.00,United States,1997,27191,Finance,Major Banks
BHM,Bluerock Homes Trust Inc. Class A Common Stock,$14.17,0.21,1.504%,54976114.00,,2022,7003,Real Estate,Real Estate Investment Trusts
BITE,Bite Acquisition Corp. Common Stock,$10.73,-0.01,-0.093%,0.00,,2021,306047,Finance,Blank Checks
BKTI,BK Technologies Corporation Common Stock,$11.59,0.28,2.476%,40049233.00,United States,,7889,Technology,Radio And Television Broadcasting And Communications Equipment
BLUA,BlueRiver Acquisition Corp. Class A Ordinary Shares,$10.73,-0.10,-0.923%,0.00,,2021,12000,Finance,Blank Checks
BMTX,BM Technologies Inc. Common Stock,$2.04,-0.03,-1.449%,24214647.00,,2018,8532,Technology,EDP Services
BQ,Boqii Holding Limited American Depositary Shares representing Class A Ordinary Shares,$0.30,-0.0188,-5.897%,1952447.00,,2020,177889,Consumer Discretionary,Other Specialty Stores
BRBS,Blue Ridge Bankshares Inc. Common Stock,$2.50,0.00,0.00%,47995948.00,United States,,168064,Finance,Commercial Banks
BRN,Barnwell Industries Inc. Common Stock,$2.31,-0.091,-3.79%,23100245.00,United States,1965,14926,Energy,Oil & Gas Production
BTG,B2Gold Corp Common shares (Canada),$2.63,-0.03,-1.128%,3419998419.00,Canada,,7917027,,
BTTR,Better Choice Company Inc. Common Stock,$0.2185,0.0432,24.643%,7009731.00,,2021,14770068,Consumer Staples,Beverages (Production/Distribution)
BURU,Nuburu Inc. Common Stock,$0.1564,0.002,1.295%,5770272.00,United States,2020,149063,Technology,Industrial Machinery/Components
CANF,Can-Fite Biopharma Ltd Sponsored ADR (Israel),$2.06,0.06,3.00%,8391179.00,Israel,,25825,Health Care,Biotechnology: Pharmaceutical Preparations
CATX,Perspective Therapeutics Inc. Common Stock,$0.9001,0.0476,5.584%,252541981.00,United States,,2346971,Health Care,Medical/Dental Instruments
CCEL,Cryo-Cell International Inc. Common Stock,$5.60,0.0001,0.002%,46405996.00,United States,2022,1649,Health Care,Managed Health Care
CEI,Camber Energy Inc. Common Stock,$0.1607,-0.0028,-1.713%,17280272.00,United States,,2853204,Energy,Oil & Gas Production
CET,Central Securities Corporation Common Stock,$38.58,0.02,0.052%,9337332216.00,United States,1951,53468,Finance,Finance/Investors Services
CEV,Eaton Vance California Municipal Income Trust Shares of Beneficial Interest,$10.78,0.11,1.031%,75821939.00,United States,1999,19990,Finance,Investment Bankers/Brokers/Service
CHAA,Catcha Investment Corp. Class A Ordinary Shares,$11.24,0.00,0.00%,0.00,,2021,61006,Finance,Blank Checks
CIK,Credit Suisse Asset Management Income Fund Inc. Common Stock,$3.025,-0.005,-0.165%,0.00,United States,,93626,Finance,Finance/Investors Services
CIX,CompX International Inc. Common Stock,$24.36,0.88,3.748%,299963121.00,United States,1998,2946,Consumer Discretionary,Industrial Machinery/Components
CKX,CKX Lands Inc. Common Stock,$13.5499,0.00,0.00%,26753288.00,United States,2003,175,Energy,Oil & Gas Production
CLDI,Calidi Biotherapeutics Inc. Common Stock,$0.5839,-0.008,-1.352%,20724014.00,,2021,91040,Health Care,Biotechnology: Biological Products (No Diagnostic Substances)
CLM,Cornerstone Strategic Value Fund Inc. New Common Stock,$7.30,0.05,0.69%,0.00,United States,2003,1654555,Finance,Finance/Investors Services
CMCL,Caledonia Mining Corporation Plc Common Shares,$10.10,-0.02,-0.198%,193819000.00,Canada,,27614,Basic Materials,Precious Metals
CMT,Core Molding Technologies Inc Common Stock,$17.02,0.10,0.591%,153872782.00,United States,1996,50329,Industrials,Plastic Products
COE,51Talk Online Education Group American depositary shares each representing 60 Class A ordinary shares,$7.00,0.11,1.597%,39411890.00,China,2016,9094,Real Estate,Other Consumer Services
COHN,Cohen & Company Inc.,$6.89,0.14,2.074%,12549081.00,United States,,3042,Finance,Investment Bankers/Brokers/Service
CPHI,China Pharma Holdings Inc. Common Stock,$0.0944,-0.0016,-1.667%,3110638.00,China,,1236958,Health Care,Biotechnology: Pharmaceutical Preparations
CRF,Cornerstone Total Return Fund Inc. (The) Common Stock,$7.26,0.02,0.276%,0.00,United States,2003,855871,Finance,Finance/Investors Services
CTGO,Contango ORE Inc. Common Stock,$15.42,-0.07,-0.452%,144949974.00,United States,2021,10715,Basic Materials,Precious Metals
CTM,Castellum Inc. Common Stock,$0.309,0.024,8.421%,14721510.00,,2022,68202,Technology,EDP Services
CVM,Cel-Sci Corporation Common Stock,$2.46,-0.39,-13.684%,122952778.00,United States,1997,1342490,Health Care,Biotechnology: Biological Products (No Diagnostic Substances)
CVR,Chicago Rivet & Machine Co. Common Stock,$15.52,-0.48,-3.00%,14994369.00,United States,1930,3736,Industrials,Industrial Machinery/Components
CVU,CPI Aerostructures Inc. Common Stock,$2.80,-0.02,-0.709%,35482737.00,United States,2022,33709,Industrials,Military/Government/Technical
CYBN,Cybin Inc. Common Shares,$0.3223,-0.0097,-2.922%,82693648.00,Canada,,2273167,Health Care,Biotechnology: Pharmaceutical Preparations
DC,Dakota Gold Corp. Common Stock,$2.14,0.06,2.885%,185624182.00,United States,2022,112385,Basic Materials,Precious Metals
DDC,DDC Enterprise Limited Class A Ordinary Shares,$1.61,-0.09,-5.294%,32076139.00,,2023,254036,Basic Materials,Metal Mining
DHY,Credit Suisse High Yield Bond Fund Common Stock,$1.99,0.01,0.505%,0.00,United States,1998,886479,Finance,Finance/Investors Services
DIT,AMCON Distributing Company Common Stock,$200.00,7.00,3.627%,126072400.00,United States,1999,549,Consumer Discretionary,Food Distributors
DLA,Delta Apparel Inc. Common Stock,$7.36,0.03,0.409%,51527507.00,United States,2000,16291,Consumer Staples,Apparel
DMF,BNY Mellon Municipal Income Inc. Common Stock,$6.655,0.005,0.075%,414545633.00,United States,1988,60134,Finance,Finance/Investors Services
DNN,Denison Mines Corp Ordinary Shares (Canada),$2.01,0.01,0.50%,1786098472.00,Canada,,12953548,Basic Materials,Other Metals and Minerals
DPSI,DecisionPoint Systems Inc. Common Stock,$7.40,0.00,0.00%,56645557.00,,2022,8445,Technology,Retail: Computer Software & Peripheral Equipment
DSS,DSS Inc. Common Stock,$1.76,0.00,0.00%,12343255.00,United States,,1956,Consumer Discretionary,Containers/Packaging
DXF,Dunxin Financial Holdings Limited American Depositary Shares,$0.32,0.0067,2.139%,694972.00,China,,260879,Finance,Finance: Consumer Services
EAD,Allspring Income Opportunities Fund Common Shares,$6.76,0.01,0.148%,0.00,United States,2003,162283,Finance,Finance/Investors Services
ECF,Ellsworth Growth and Income Fund Ltd.,$8.03,0.06,0.753%,0.00,United States,1986,68728,Finance,Finance/Investors Services
ECF^A,Ellsworth Growth and Income Fund Ltd. 5.25% Series A Cumulative Preferred Shares (Liquidation Preference $25.00 per share),$22.76,-0.1111,-0.486%,,United States,,3129,,
EFSH,1847 Holdings LLC Common Shares,$1.95,0.57,41.304%,1543985.00,,2022,1364237,Consumer Discretionary,Professional Services
EIM,Eaton Vance Municipal Bond Fund Common Shares of Beneficial Interest $.01 par value,$10.34,0.035,0.34%,0.00,United States,2002,162911,Finance,Finance/Investors Services
ELA,Envela Corporation Common Stock,$4.61,0.19,4.299%,123087000.00,United States,,23794,Consumer Discretionary,Consumer Specialties
ELLO,Ellomay Capital Ltd Ordinary Shares (Israel),$15.29,0.00,0.00%,196476500.00,Israel,,68,Utilities,Electric Utilities: Central
ELMD,Electromed Inc. Common Stock,$10.38,0.19,1.865%,89077807.00,United States,2011,7539,Health Care,Biotechnology: Electromedical & Electrotherapeutic Apparatus
EMX,EMX Royalty Corporation Common Shares (Canada),$1.48,-0.02,-1.333%,166061979.00,Canada,,199315,Basic Materials,Metal Mining
ENSV,Enservco Corporation Common Stock,$0.215,0.003,1.415%,5715932.00,United States,,92904,Energy,Oilfield Services/Equipment
ENX,Eaton Vance New York Municipal Bond Fund Common Shares of Beneficial Interest $.01 par value,$10.00,0.06,0.604%,0.00,United States,2002,44042,Finance,Finance/Investors Services
EP,Empire Petroleum Corporation Common Stock,$6.00,-0.09,-1.478%,137353680.00,United States,2022,39789,Energy,Oil & Gas Production
EPM,Evolution Petroleum Corporation Inc. Common Stock,$5.50,-0.02,-0.362%,184009815.00,United States,,499058,Energy,Oil & Gas Production
EQX,Equinox Gold Corp. Common Shares,$4.31,-0.02,-0.462%,1348947821.00,Canada,,1639071,,
ERC,Allspring Multi-Sector Income Fund Common Stock,$9.53,-0.02,-0.209%,0.00,United States,2003,44592,Finance,Finance/Investors Services
ERH,Allspring Utilities and High Income Fund Common Shares,$8.83,-0.03,-0.339%,0.00,,2004,31140,Finance,Finance/Investors Services
ESP,Espey Mfg. & Electronics Corp. Common Stock,$23.20,0.54,2.383%,62793886.00,United States,1960,12401,Technology,Industrial Machinery/Components
EVBN,Evans Bancorp Inc. Common Stock,$29.01,0.36,1.257%,159078975.00,United States,,30429,Finance,Major Banks
EVE,EVe Mobility Acquisition Corp Class A Ordinary Shares,$10.85,-0.01,-0.092%,0.00,,2022,106052,Finance,Blank Checks
EVI,EVI Industries Inc.  Common Stock,$22.30,1.12,5.288%,282261581.00,United States,1999,13376,Consumer Discretionary,Other Consumer Services
EVM,Eaton Vance California Municipal Bond Fund Common Shares of Beneficial Interest $.01 par value,$9.40,0.03,0.32%,0.00,United States,2002,57998,Finance,Finance/Investors Services
EVV,Eaton Vance Limited Duration Income Fund Common Shares of Beneficial Interest,$9.92,0.01,0.101%,0.00,United States,2003,554104,Finance,Finance/Investors Services
FAX,abrdn Asia-Pacific Income Fund Inc. Common Stock,$2.67,-0.01,-0.373%,0.00,United States,1986,394269,Finance,Investment Managers
FCO,abrdn Global Income Fund Inc. Common Stock,$5.20,0.02,0.386%,0.00,United States,1992,78671,Finance,Investment Managers
FEN,First Trust Energy Income and Growth Fund,$14.13,0.03,0.213%,0.00,United States,2004,45049,Finance,Finance/Investors Services
FGH,FG Group Holdings Inc. Common Stock,$1.39,0.04,2.963%,27394376.00,United States,,113327,Consumer Discretionary,Industrial Machinery/Components
FLYX,flyExclusive Inc. Class A Common Stock,$6.72,-1.28,-16.00%,189000000.00,,2023,25180,Finance,Blank Checks
FOXO,FOXO Technologies Inc. Class A Common Stock,$0.3416,0.0016,0.471%,3055965.00,,2022,350532,Technology,Retail: Computer Software & Peripheral Equipment
FRD,Friedman Industries Inc. Common Stock,$16.97,0.31,1.861%,125158536.00,United States,1975,13892,Industrials,Steel/Iron Ore
FSI,Flexible Solutions International Inc. Common Stock (CDA),$1.94,0.03,1.571%,24124932.00,Canada,2002,6775,Industrials,Major Chemicals
FSP,Franklin Street Properties Corp. Common Stock,$2.32,0.00,0.00%,239958419.00,United States,,345665,Real Estate,Real Estate Investment Trusts
FTF,Franklin Limited Duration Income Trust Common Shares of Beneficial Interest,$6.33,-0.02,-0.315%,255766017.00,United States,2003,122864,Finance,Finance/Investors Services
FURY,Fury Gold Mines Limited Common Shares,$0.3544,0.0044,1.257%,51582016.00,,2020,74513,Basic Materials,Precious Metals
GAU,Galiano Gold Inc.,$0.946,0.0511,5.71%,212808489.00,Canada,,170193,,
GBR,New Concept Energy Inc Common Stock,$1.065,0.015,1.429%,5465510.00,United States,1993,2415,Energy,Oil & Gas Production
GENC,Gencor Industries Inc. Common Stock,$16.59,0.12,0.729%,243171276.00,United States,,13430,Industrials,Construction/Ag Equipment/Trucks
GGN,GAMCO Global Gold Natural Resources & Income Trust,$3.75,-0.02,-0.531%,0.00,United States,2005,325414,Finance,Finance/Investors Services
GGN^B,GAMCO Global Gold Natural Reources & Income Trust 5.00% Series B Cumulative 25.00 Liquidation Preference,$22.31,0.00,0.00%,,United States,,2900,,
GLDG,GoldMining Inc. Common Shares,$0.8066,0.005,0.624%,142637757.00,,,171200,,
GLO,Clough Global Opportunities Fund Common Stock,$5.02,0.05,1.006%,0.00,United States,2006,121437,Finance,Finance/Investors Services
GLQ,Clough Global Equity Fund Clough Global Equity Fund Common Shares of Beneficial Interest,$6.36,0.035,0.553%,0.00,United States,2005,77487,Finance,Finance/Investors Services
GLU,Gabelli Global Utility Common Shares of Beneficial Ownership,$13.29,-0.10,-0.747%,79326827.00,United States,2004,8598,Finance,Finance/Investors Services
GLU^A,The Gabelli Global Utility and Income Trust Series A Cumulative Puttable and Callable Preferred Shares,$43.27,0.00,0.00%,,United States,,4,,
GLV,Clough Global Dividend and Income Fund Common Shares of beneficial interest,$5.515,-0.015,-0.271%,70093350.00,United States,2004,44119,Finance,Finance/Investors Services
GNS,Genius Group Limited Ordinary Shares,$0.3718,-0.0158,-4.076%,18924641.00,Singapore,2022,3108211,Real Estate,Other Consumer Services
GORO,Gold Resource Corporation Common Stock,$0.255,0.007,2.823%,22616980.00,United States,,392450,Basic Materials,Precious Metals
GRF,Eagle Capital Growth Fund Inc. Common Stock,$9.168,0.022,0.241%,0.00,United States,,1207,Finance,Finance/Investors Services
GRFX,Graphex Group Limited American Depositary Shares each American Depositary Share representing 20 Ordinary Shares,$0.556,0.006,1.091%,432260476.00,,2022,71500,,
GROY,Gold Royalty Corp. Common Shares,$1.32,-0.02,-1.493%,191360776.00,Canada,2021,171896,Basic Materials,Precious Metals
GSAT,Globalstar Inc. Common Stock,$1.71,0.06,3.636%,3249000000.00,United States,2006,3888300,Consumer Discretionary,Telecommunications Equipment
GTE,Gran Tierra Energy Inc. Common Stock,$5.19,-0.01,-0.192%,172766303.00,Canada,,375232,Energy,Oil & Gas Production
HNRA,HNR Acquisition Corp Class A Common Stock,$1.9898,0.0498,2.567%,0.00,,2022,2762,Energy,Oil & Gas Production
HNW,Pioneer Diversified High Income Fund Inc.,$11.21,-0.04,-0.356%,0.00,United States,2007,25445,Finance,Finance/Investors Services
HUSA,Houston American Energy Corporation Common Stock,$1.44,0.00,0.00%,15705148.00,United States,,45142,Energy,Oil & Gas Production
HWM^,Howmet Aerospace Inc. $3.75 Preferred Stock,$63.6444,-1.0556,-1.632%,,United States,,546,,
IAF,abrdn Australia Equity Fund Inc. Common Stock,$4.28,0.015,0.352%,0.00,United States,1985,107698,Finance,Finance/Investors Services
IAUX,i-80 Gold Corp. Common Shares,$1.35,-0.03,-2.174%,402975451.00,Canada,2022,2227349,,
IBIO,iBio Inc. Common Stock,$1.18,0.035,3.057%,1657942.00,United States,,76581,Health Care,Biotechnology: Pharmaceutical Preparations
IDR,Idaho Strategic Resources Inc. Common Stock,$6.90,0.20,2.985%,84570009.00,,2022,23944,Basic Materials,Precious Metals
IE,Ivanhoe Electric Inc. Common Stock,$8.56,0.42,5.16%,888390227.00,Canada,2022,372710,Basic Materials,Metal Mining
IGC,IGC Pharma Inc. Common Stock,$0.305,0.0162,5.609%,19439004.00,United States,,361351,Health Care,Biotechnology: Pharmaceutical Preparations
IHT,InnSuites Hospitality Trust Shares of Beneficial Interest,$1.41,-0.0084,-0.592%,12698186.00,United States,1999,2041,Finance,Investment Bankers/Brokers/Service
IMO,Imperial Oil Limited Common Stock,$58.28,-0.55,-0.935%,33025359637.00,Canada,1929,289622,Energy,Integrated oil Companies
INDO,Indonesia Energy Corporation Limited Ordinary Shares,$2.59,-0.052,-1.968%,26262600.00,,2019,25364,Energy,Oil & Gas Production
INFU,InfuSystems Holdings Inc. Common Stock,$9.60,0.09,0.946%,203361850.00,United States,,38448,Health Care,Medical/Dental Instruments
INLX,Intellinetics Inc. Common Stock,$6.84,-0.095,-1.37%,27864498.00,,2022,8462,Technology,EDP Services
INTT,inTest Corporation Common Stock,$11.81,0.19,1.635%,143625095.00,United States,1997,77142,Industrials,Electrical Products
INUV,Inuvo Inc.,$0.40,0.0149,3.869%,55192671.00,United States,,214170,Consumer Discretionary,Advertising
IOR,Income Opportunity Realty Investors Inc. Common Stock,$13.99,0.00,0.00%,58316112.00,United States,1987,30,Real Estate,Real Estate Investment Trusts
ISDR,Issuer Direct Corporation Common Stock,$15.18,0.17,1.133%,57860832.00,United States,,5729,Consumer Discretionary,Publishing
ITP,IT Tech Packaging Inc. Common Stock,$0.224,0.009,4.186%,2254766.00,China,,15316,Consumer Discretionary,Containers/Packaging
ITRG,Integra Resources Corp. Common Shares,$0.7901,-0.0156,-1.936%,54341123.00,,,108299,Basic Materials,Precious Metals
JOB,GEE Group Inc. Common Stock,$0.4536,0.0261,6.105%,49484314.00,United States,1968,180497,Consumer Discretionary,Diversified Commercial Services
JWSM,Jaws Mustang Acquisition Corp. Class A Ordinary Shares,$10.915,0.035,0.322%,0.00,,2021,9431,Finance,Blank Checks
KIQ,Kelso Technologies Inc Ordinary Shares,$0.1562,0.0047,3.102%,8484797.00,Canada,,54654,,
KNW,Know Labs Inc. Common Stock,$0.493,0.013,2.708%,40103836.00,,2022,40839,Industrials,Industrial Machinery/Components
KULR,KULR Technology Group Inc. Common Stock,$0.118,0.0002,0.17%,15090392.00,United States,,6282198,Technology,Electrical Products
LCTX,Lineage Cell Therapeutics Inc. Common Stock,$1.08,0.00,0.00%,188985605.00,United States,,2384033,Health Care,Biotechnology: Biological Products (No Diagnostic Substances)
LEU,Centrus Energy Corp. Class A Common Stock,$45.69,-0.85,-1.826%,709403729.00,United States,2014,387785,,
LGL,LGL Group Inc. (The) Common Stock,$6.35,-0.09,-1.398%,33991150.00,United States,1946,3150,Technology,Industrial Machinery/Components
LODE,Comstock Inc. Common Stock,$0.473,0.0039,0.831%,55402596.00,United States,,456374,Industrials,Major Chemicals
LPTV,Loop Media Inc. Common Stock,$0.6485,0.0085,1.328%,45947012.00,United States,2022,35225,Industrials,Broadcasting
LSF,Laird Superfood Inc. Common Stock,$0.7501,-0.0599,-7.395%,7013019.00,,2020,41862,Consumer Staples,Packaged Foods
LXFR,Luxfer Holdings PLC Ordinary Shares,$7.72,-0.09,-1.152%,207443858.00,United Kingdom,2012,130848,Industrials,Major Chemicals
MAG,MAG Silver Corporation Ordinary Shares,$8.87,0.05,0.567%,913154197.00,Canada,,400081,Basic Materials,Precious Metals
MAIA,MAIA Biotechnology Inc. Common Stock,$1.48,0.05,3.497%,21035996.00,,2022,246967,Health Care,Biotechnology: Pharmaceutical Preparations
MGLD,The Marygold Companies Inc. Common Stock,$1.00,0.2193,28.09%,39383459.00,,2022,2447,Finance,Finance/Investors Services
MHH,Mastech Digital Inc Common Stock,$8.51,0.00,0.00%,98708664.00,United States,,22998,Consumer Discretionary,Professional Services
MI,NFT Limited Class A Ordinary Share,$0.17,0.00,0.00%,5948621.00,,2023,130544,Consumer Discretionary,Catalog/Specialty Distribution
MIMO,Airspan Networks Holdings Inc. Common Stock,$0.143,-0.0051,-3.444%,10673362.00,United States,2020,1501312,Consumer Discretionary,Telecommunications Equipment
MITQ,Moving iMage Technologies Inc. Common Stock,$0.8298,0.0099,1.207%,8745178.00,United States,2021,11913,Telecommunications,Telecommunications Equipment
MLSS,Milestone Scientific Inc. Common Stock,$0.64,0.0176,2.828%,45470874.00,United States,2015,111936,Health Care,Industrial Specialties
MPTI,M-tron Industries Inc. Common Stock,$35.74,1.08,3.116%,99638116.00,,2022,37914,,
MPU,Mega Matrix Corp. Common Stock,$2.58,0.11,4.453%,81849548.00,United States,1998,164210,Consumer Discretionary,Diversified Commercial Services
MRT,Marti Technologies Inc. Class A Ordinary Shares,$0.76,0.0268,3.655%,13656250.00,,2021,24476,Consumer Discretionary,Rental/Leasing Companies
MSN,Emerson Radio Corporation Common Stock,$0.5548,0.0147,2.722%,11674463.00,United States,1994,1856,Consumer Staples,Consumer Electronics/Appliances
MTA,Metalla Royalty & Streaming Ltd. Common Shares,$2.62,-0.03,-1.132%,251400625.00,,,260909,Basic Materials,Precious Metals
MTNB,Matinas Biopharma Holdings Inc. Common Stock,$0.2099,0.0049,2.39%,45603824.00,United States,2017,801114,Health Care,Biotechnology: Pharmaceutical Preparations
MWG,Multi Ways Holdings Limited Ordinary Shares,$0.3175,0.0054,1.73%,7874000.00,,2023,5360,Consumer Discretionary,Miscellaneous manufacturing industries
MXC,Mexco Energy Corporation Common Stock,$9.80,-0.15,-1.508%,20624100.00,United States,2003,2528,Energy,Oil & Gas Production
MYND,Mynd.ai Inc. American Depositary Shares,$4.91,0.01,0.204%,13846573.00,,2017,2321,Real Estate,Other Consumer Services
MYO,Myomo Inc. Common Stock,$3.68,0.06,1.657%,97579627.00,United States,2017,232101,Health Care,Industrial Specialties
NAK,Northern Dynasty Minerals Ltd. Common Stock,$0.2456,-0.0057,-2.268%,130149091.00,Canada,,1550451,Basic Materials,Precious Metals
NBH,Neuberger Berman Municipal Fund Inc. Common Stock,$10.36,0.03,0.29%,0.00,United States,2002,94780,Finance,Finance/Investors Services
NBY,NovaBay Pharmaceuticals Inc. Common Stock,$0.1534,0.0115,8.104%,1001595.00,United States,2007,3523219,,
NCL,Northann Corp. Common Stock,$0.80,0.03,3.896%,17104000.00,,2023,192603,,
NEN,New England Realty Associates Limited Partnership Class A Depositary Receipts Evidencing Units of Limited Partnership,$68.81,-2.19,-3.085%,8038453.00,United States,,441,Finance,Real Estate
NEWP,New Pacific Metals Corp. Common Shares,$1.20,-0.01,-0.826%,205085258.00,,2021,183314,,
NFGC,New Found Gold Corp Common Shares,$3.22,-0.03,-0.923%,601731099.00,,2021,152336,Basic Materials,Precious Metals
NG,Novagold Resources Inc.,$2.45,0.08,3.376%,819209496.00,Canada,2003,2957639,Basic Materials,Precious Metals
NGD,New Gold Inc.,$1.19,-0.05,-4.032%,814563330.00,Canada,,4934612,Basic Materials,Metal Mining
NHC,National HealthCare Corporation Common Stock,$92.50,1.55,1.704%,1417521800.00,United States,1986,86013,Health Care,Hospital/Nursing Management
NHS,Neuberger Berman High Yield Strategies Fund,$8.27,0.03,0.364%,0.00,United States,,65290,Finance,Trusts Except Educational Religious and Charitable
NML,Neuberger Berman Energy Infrastructure and Income Fund Inc. Common Stock,$6.43,-0.06,-0.924%,0.00,,2013,239571,Finance,Finance/Investors Services
NNVC,NanoViricides Inc. Common Stock,$1.14,-0.02,-1.724%,13390440.00,United States,,39443,Health Care,Biotechnology: Pharmaceutical Preparations
NRO,Neuberger Berman Real Estate Securities Income Fund Inc.,$3.35,-0.01,-0.298%,0.00,United States,2003,142562,Finance,Finance/Investors Services
NRXS,Neuraxis Inc. Common Stock,$2.50,0.07,2.881%,13223785.00,,2023,5457,,
NTIP,Network-1 Technologies Inc. Common Stock,$2.21,0.05,2.315%,52223683.00,United States,,12333,Miscellaneous,Multi-Sector Companies
OBE,Obsidian Energy Ltd. Common Shares,$6.51,-0.09,-1.364%,514576687.00,Canada,2022,213852,Energy,Oil & Gas Production
OGEN,Oragenics Inc. Common Stock,$3.97,0.09,2.32%,10200458.00,United States,,36486,Health Care,Biotechnology: Pharmaceutical Preparations
OPTT,Ocean Power Technologies Inc. Common Stock,$0.329,0.029,9.667%,19341488.00,United States,2007,267107,Industrials,Industrial Machinery/Components
ORLA,Orla Mining Ltd. Common Shares,$3.50,-0.06,-1.685%,1100473500.00,,2020,311362,Basic Materials,Precious Metals
OZ,Belpointe PREP LLC Class A Units,$59.125,-2.92,-4.706%,217551147.00,,,20276,,
PAPL,Pineapple Financial Inc. Common Stock,$1.44,0.045,3.226%,10342057.00,,2023,9111,Finance,Finance: Consumer Services
PCG^A,Pacific Gas & Electric Co. 6% Preferred Stock,$23.80,-0.50,-2.058%,,United States,,3452,,
PCG^B,Pacific Gas & Electric Co. 5 1/2% Preferred Stock,$20.2503,0.2503,1.252%,,United States,,703,,
PCG^C,Pacific Gas & Electric Co. 5% 1st Preferred Stock,$18.90,0.00,0.00%,,United States,,20,,
PCG^D,Pacific Gas & Electric Co. 5% 1st  Red. Preferred Stock,$18.87,0.52,2.834%,,United States,,2927,,
PCG^E,Pacific Gas & Electric Co. 5% 1st A Preferred Stock,$19.10,0.00,0.00%,,United States,,23,,
PCG^G,Pacific Gas & Electric Co. 4.80% 1st Preferred Stock,$18.05,0.05,0.278%,,United States,,371,,
PCG^H,Pacific Gas & Electric Co. 4.50% 1st Preferred Stock,$17.0674,0.00,0.00%,,United States,,170,,
PCG^I,Pacific Gas & Electric Co. 4.36% 1st Preferred Stock,$17.25,0.00,0.00%,,United States,,125,,
PED,Pedevco Corp. Common Stock,$0.737,0.0345,4.911%,64303447.00,United States,,139774,Energy,Oil & Gas Production
PHGE,BiomX Inc. COmmon Stock,$0.225,0.0139,6.585%,10345439.00,,2019,128961,Health Care,Biotechnology: Biological Products (No Diagnostic Substances)
PLAG,Planet Green Holdings Corp. Common Stock,$0.3501,0.0033,0.952%,25235884.00,China,,4854,Consumer Staples,Packaged Foods
PLG,Platinum Group Metals Ltd. Ordinary Shares (Canada),$0.994,0.0029,0.293%,101762415.00,Canada,,104739,,
PLX,Protalix BioTherapeutics Inc. (DE) Common Stock,$1.47,-0.03,-2.00%,107239622.00,Israel,,237197,Health Care,Biotechnology: Biological Products (No Diagnostic Substances)
PMNT,Perfect Moment Ltd. Common Stock,$5.16,-0.04,-0.769%,0.00,United Kingdom,2024,68897,,
POL,Polished Inc. Common Stock,$4.44,-0.03,-0.671%,9365501.00,United States,2020,22313,Consumer Discretionary,Home Furnishings
PRK,Park National Corporation Common Stock,$131.70,3.47,2.706%,2122540284.00,United States,1994,48051,Finance,Major Banks
PTN,Palatin Technologies Inc. Common Stock,$4.25,0.23,5.721%,58382832.00,United States,1999,388076,Health Care,Biotechnology: Pharmaceutical Preparations
PW,Power REIT (MD) Common Stock,$0.60,-0.0095,-1.559%,2033797.00,United States,1998,5103,Real Estate,Real Estate Investment Trusts
PZG,Paramount Gold Nevada Corp. Common Stock,$0.3692,0.0204,5.849%,21782798.00,United States,2015,47939,Basic Materials,Metal Mining
QFTA,Quantum FinTech Acquisition Corporation Common Stock,$10.26,3.48,51.327%,0.00,,2021,10607,Finance,Blank Checks
RCG,RENN Fund Inc Common Stock,$1.6413,0.0413,2.581%,0.00,United States,,10565,Finance,Investment Managers
REI,Ring Energy Inc. Common Stock,$1.30,-0.02,-1.515%,254319391.00,United States,,1483733,Energy,Oil & Gas Production
REPX,Riley Exploration Permian Inc. Common Stock,$21.90,-0.31,-1.396%,447333758.00,United States,1999,58657,Energy,Oil & Gas Production
RHE,Regional Health Properties Inc. Common Stock,$2.09,-0.125,-5.643%,3935529.00,,2017,706,Real Estate,Real Estate
RLGT,Radiant Logistics Inc. Common Stock,$6.34,0.13,2.093%,297618087.00,United States,,222141,Consumer Discretionary,Oil Refining/Marketing
RVP,Retractable Technologies Inc. Common Stock,$1.22,0.02,1.667%,36523334.00,United States,2001,51873,Health Care,Medical/Dental Instruments
SACC,Sachem Capital Corp. 6.875% Notes due 2024,$24.65,0.26,1.066%,1118035975.00,United States,2019,3371,Real Estate,Real Estate Investment Trusts
SACH,Sachem Capital Corp. Common Shares,$3.49,-0.04,-1.133%,158293937.00,United States,2017,242214,Real Estate,Real Estate Investment Trusts
SACH^A,Sachem Capital Corp. 7.75% Series A Cumulative Redeemable Preferred Stock,$21.80,-0.09,-0.411%,,United States,,1392,,
SATX,SatixFy Communications Ltd. Ordinary Share,$0.4325,0.0315,7.855%,34927388.00,,2022,120453,Technology,Radio And Television Broadcasting And Communications Equipment
SBEV,Splash Beverage Group Inc. (NV) Common Stock,$0.3928,0.0598,17.958%,17211622.00,,2021,156356,Consumer Staples,Beverages (Production/Distribution)
SCCB,Sachem Capital Corp. 7.125% Notes due 2024,$24.9997,0.0197,0.079%,1133897118.00,United States,2019,5260,Real Estate,Real Estate Investment Trusts
SCCC,Sachem Capital Corp. 7.75% Notes due 2025,$24.60,-0.20,-0.806%,1115768153.00,United States,2020,5510,Real Estate,Real Estate Investment Trusts
SCCD,Sachem Capital Corp. 6.00% Notes due 2026,$21.52,-0.47,-2.137%,976070352.00,United States,,5847,Real Estate,Real Estate Investment Trusts
SCCE,Sachem Capital Corp. 6.00% Notes due 2027,$22.03,-0.27,-1.211%,999202131.00,United States,2022,7627,Real Estate,Real Estate Investment Trusts
SCCF,Sachem Capital Corp. 7.125% Notes due 2027,$22.50,0.11,0.491%,1020519653.00,United States,2022,264,Real Estate,Real Estate Investment Trusts
SCCG,Sachem Capital Corp. 8.00% Notes due 2027,$23.72,0.07,0.296%,1075854496.00,United States,2022,2888,Real Estate,Real Estate Investment Trusts
SCPX,Scorpius Holdings Inc. Common Stock,$0.3592,-0.0044,-1.21%,9368615.00,United States,2022,102016,Health Care,Biotechnology: Pharmaceutical Preparations
SDPI,Superior Drilling Products Inc. Common Stock,$0.7199,-0.0041,-0.566%,21878654.00,,2014,53161,Industrials,Metal Fabrications
SEB,Seaboard Corporation Common Stock,$3567.47,16.17,0.455%,3464209581.00,United States,1996,1240,Industrials,Farming/Seeds/Milling
SENS,Senseonics Holdings Inc. Common Stock,$0.5445,0.0045,0.833%,287649225.00,United States,,1798540,Industrials,Industrial Machinery/Components
SGE,Strong Global Entertainment Inc. Class A Common Voting Shares,$1.0199,-0.0501,-4.682%,8034611.00,,2023,6873,Consumer Discretionary,Industrial Machinery/Components
SGN,Signing Day Sports Inc. Common Stock,$0.738,0.0348,4.949%,9777431.00,,2023,32663,,
SIF,SIFCO Industries Inc. Common Stock,$3.3381,-0.0819,-2.395%,20377228.00,United States,1969,837,Industrials,Aerospace
SILV,SilverCrest Metals Inc. Common Shares,$5.53,0.00,0.00%,806320253.00,Canada,2018,940923,Basic Materials,Precious Metals
SIM,Grupo Simec S.A.B. de C.V. American Depositary Shares,$31.09,0.00,0.00%,4789268253.00,Mexico,1998,24,Industrials,Steel/Iron Ore
SKYH,Sky Harbour Group Corporation Class A Common Stock,$11.66,0.16,1.391%,745012972.00,,2022,9392,Industrials,Military/Government/Technical
SLI,Standard Lithium Ltd. Common Shares,$1.42,-0.04,-2.74%,245450120.00,Canada,2021,799052,,
SLND,Southland Holdings Inc. Common Stock,$4.88,-0.01,-0.204%,233712882.00,United States,,28402,Industrials,Military/Government/Technical
SNMP,Evolve Transition Infrastructure LP Common Units representing Class B Limited Liability Company Interests,$1.32,0.0062,0.472%,10165410.00,,,3926,Energy,Oil & Gas Production
SOAR,Volato Group Inc. Class A Common Stock,$2.62,0.055,2.144%,34958917.00,,2022,8609,Finance,Blank Checks
SSY,SunLink Health Systems Inc. Common Stock,$0.90,0.00,0.00%,6336543.00,United States,1996,15889,Health Care,Hospital/Nursing Management
STRW,Strawberry Fields REIT Inc. Common Stock,$7.95,0.00,0.00%,51114636.00,,2023,1830,Real Estate,Real Estate Investment Trusts
STXS,Stereotaxis Inc. Common Stock,$2.59,0.16,6.584%,209491013.00,United States,,258156,Health Care,Biotechnology: Electromedical & Electrotherapeutic Apparatus
SVM,Silvercorp Metals Inc. Common Shares,$2.38,0.13,5.778%,420831574.00,Canada,,1398142,Basic Materials,Precious Metals
SVT,Servotronics Inc. Common Stock,$13.83,-0.0199,-0.144%,34522598.00,United States,1970,1882,Consumer Discretionary,Industrial Machinery/Components
SYNX,Silynxcom Ltd. Ordinary Shares,$3.20,0.03,0.946%,16800000.00,,2024,3623,,
TELL,Tellurian Inc. Common Stock,$0.6478,0.1009,18.449%,411250883.00,United States,,35296819,Finance,Investment Bankers/Brokers/Service
TELZ,Tellurian Inc. 8.25% Senior Notes due 2028,$12.70,0.5501,4.528%,8062498023.00,United States,,10405,Energy,Oil & Gas Production
TGB,Taseko Mines Ltd. Common Stock,$1.37,0.02,1.481%,395555990.00,Canada,,868899,,
THM,International Tower Hill Mines Ltd. Ordinary Shares (Canada),$0.5336,-0.0064,-1.185%,104524519.00,Canada,,115650,,
TMP,Tompkins Financial Corporation Common Stock,$49.79,1.38,2.851%,714495313.00,United States,1997,75879,Finance,Major Banks
TMQ,Trilogy Metals Inc. Common Stock,$0.4722,-0.0133,-2.739%,73608351.00,Canada,,208834,Basic Materials,Precious Metals
TOON,Kartoon Studios Inc. Common Stock,$1.27,0.02,1.60%,44690186.00,United States,,64324,Consumer Discretionary,Movies/Entertainment
TOVX,Theriva Biologics Inc. Common Stock,$0.525,-0.0104,-1.942%,8947452.00,United States,,24385,Health Care,Biotechnology: Pharmaceutical Preparations
TPET,Trio Petroleum Corp. Common Stock,$0.1321,-0.0065,-4.69%,4213765.00,,2023,703587,Energy,Oil & Gas Production
TPHS,Trinity Place Holdings Inc. Common Stock,$0.1883,0.0129,7.355%,7239153.00,,,60857,Real Estate,Building operators
TRT,Trio-Tech International Common Stock,$5.09,0.03,0.593%,20855919.00,United States,1998,3230,Technology,Industrial Machinery/Components
TRX,TRX Gold Corporation Common Stock,$0.349,0.0308,9.679%,96891236.00,Canada,,497359,Basic Materials,Precious Metals
UAMY,United States Antimony Corporation Common Stock,$0.2296,0.006,2.683%,24715824.00,United States,,113216,Industrials,Metal Fabrications
UAVS,AgEagle Aerial Systems Inc. Common Stock,$1.32,-0.102,-7.173%,155600057.00,United States,,412050,Industrials,Aerospace
UEC,Uranium Energy Corp. Common Stock,$7.71,0.11,1.447%,3029873672.00,Canada,,8899757,Basic Materials,Other Metals and Minerals
URG,Ur Energy Inc Common Shares (Canada),$1.80,-0.06,-3.226%,478780412.00,Canada,,3117632,Basic Materials,Precious Metals
USAS,Americas Gold and Silver Corporation Common Shares no par value,$0.22,-0.0004,-0.181%,47757081.00,Canada,2017,442844,Basic Materials,Metal Mining
UTG,Reaves Utility Income Fund Common Shares of Beneficial Interest,$25.63,-0.11,-0.427%,0.00,United States,2004,577798,Finance,Investment Managers
UUU,Universal Security Instruments Inc. Common Stock,$1.4188,0.0188,1.343%,3281524.00,United States,2003,9645,Technology,Electronic Components
UUUU,Energy Fuels Inc Ordinary Shares (Canada),$6.85,-0.15,-2.143%,1104575803.00,Canada,,3683445,Industrials,Mining & Quarrying of Nonmetallic Minerals (No Fuels)
VCXB,10X Capital Venture Acquisition Corp. III Class A Ordinary Shares,$10.73,0.00,0.00%,163194609.00,,2022,300011,Finance,Blank Checks
VFL,abrdn National Municipal Income Fund Common Stock,$10.22,0.03,0.294%,0.00,United States,1993,23188,Finance,Finance/Investors Services
VGZ,Vista Gold Corp Common Stock,$0.384,-0.002,-0.518%,46497982.00,United States,1986,180111,Basic Materials,Precious Metals
VHAQ,Viveon Health Acquisition Corp. Common Stock,$11.48,0.00,0.00%,76326674.00,,2021,11,Health Care,Biotechnology: Pharmaceutical Preparations
VINE,Fresh Vine Wine Inc. Common Stock,$0.8285,0.0587,7.625%,13236304.00,,2021,314175,Consumer Staples,Beverages (Production/Distribution)
VKI,Invesco Advantage Municipal Income Trust II Common Shares of Beneficial Interest (DE),$8.58,0.01,0.117%,381003652.00,United States,1993,94041,Finance,Finance Companies
VNRX,VolitionRX Limited Common Stock,$1.13,-0.05,-4.237%,88915036.00,Singapore,2015,125392,Health Care,Biotechnology: In Vitro & In Vivo Diagnostic Substances
VTAK,Catheter Precision Inc. Common Stock,$0.4108,-0.0102,-2.423%,2886559.00,,2018,11226,Health Care,Medical/Dental Instruments
VZLA,Vizsla Silver Corp. Common Shares,$1.36,-0.04,-2.857%,282871594.00,,2022,213515,Basic Materials,Precious Metals
WRAC,Williams Rowland Acquisition Corp. Common Stock,$10.57,0.00,0.00%,0.00,,2021,2,Finance,Blank Checks
WRN,Western Copper and Gold Corporation Common Stock,$1.05,0.01,0.962%,170749919.00,Canada,2011,61844,Basic Materials,Metal Mining
WWR,Westwater Resources Inc. Common Stock,$0.524,0.014,2.745%,28734004.00,United States,,417792,Basic Materials,Metal Mining
WYY,WidePoint Corporation Common Stock,$2.87,-0.04,-1.375%,25381342.00,United States,,19029,Technology,EDP Services
XPL,Solitario Resources Corp. Common Stock,$0.536,0.0146,2.80%,42390288.00,United States,,20049,Basic Materials,Precious Metals
XTNT,Xtant Medical Holdings Inc. Common Stock,$1.07,0.01,0.943%,139217968.00,United States,,64077,Health Care,Biotechnology: Biological Products (No Diagnostic Substances)
YCBD,cbdMD Inc. Common Stock,$0.739,-0.0069,-0.925%,2188138.00,United States,2017,63559,Health Care,Biotechnology: Pharmaceutical Preparations
YCBD^A,cbdMD Inc. 8.0% Series A Cumulative Convertible Preferred Stock,$0.58,-0.0089,-1.511%,,United States,,5645,,
ZDGE,Zedge Inc. Class B Common Stock ,$4.74,0.94,24.737%,68040676.00,,2016,302742,Technology,Computer Software: Prepackaged Software
ZOM,Zomedica Corp. Common Shares,$0.1273,0.0016,1.273%,120928593.00,United States,2017,4111699,Health Care,Pharmaceuticals and Biotechnology
